"date","gdp_change","unrate","nfjobschg","treas10yr","treas3mo","treas10yr3mo","fedintrate","personincomechg","cpichg","popchg","housingpermitschg","homeownership","corpprofitchg","inventorieschg","crude_wtichg","ppichg","ipichg","wilshirechg","goldchg","japanchg","ukchg"
1982 Q1,-0.8,9,-0.507178612684966,14.18,13.99,0.19,14.68,2.6,0.531914893617014,0.209890380961864,11.9346733668342,64.8,-9.88226163753089,-1.33186256588304,-18.6285714285714,0.809716599190291,-0.812431566765504,-9.01639344262294,-19.875,10.1727984581272,-5.14895182052225
1982 Q2,7.2,9.6,-0.629188137205039,14.44,13.36,1.08,14.15,3.1,2.64550264550265,0.229748054483103,2.46913580246915,64.9,1.0334227222186,-0.244911445202112,23.1390449438202,0.401606425702816,-1.84873817530407,-1.35135135135136,-2.02808112324493,4.13276551714703,-2.71423032183016
1982 Q3,4.2,10.1,-0.758916152005784,11.73,7.88,3.85,10.31,1.4,0.927835051546388,0.266276013615419,14.1292442497262,64.9,-2.5010250102501,-0.107166565164918,1.59680638722555,0,-1.48731618677106,11.4155251141552,25.7165605095541,4.81214597108175,-2.52234811820304
1982 Q4,4.4,10.8,-0.461971451958332,10.36,8.2,2.16,8.95,1.6,-0.306435137895822,0.229042405074176,29.6545105566219,64.5,-3.40511708202381,-1.63672498878451,-10.9738984002245,0.499999999999989,-1.9981310689473,18.8524590163935,13.4895503483217,-8.10693478605181,-5.60747663551401
1983 Q1,8.6,10.3,0.359351590046297,10.62,8.96,1.66,8.77,2.4,0.307377049180335,0.195505935920348,9.17838638045891,64.7,0.914225486040299,-1.45048616096143,-9.14249684741487,-0.0995024875621864,2.12054126660364,11.3793103448276,-7.53348214285714,-1.52392336488232,-7.7970297029703
1983 Q2,12.7,10.1,1.04501066337412,10.96,9.15,1.81,8.98,2.5,1.63432073544432,0.220798726556182,19.9322033898305,64.7,10.8940228188682,0.351380475634611,7.56419153365717,0.597609561752988,2.52408383977396,13.0030959752322,0.603500301750159,0.745883704932071,3.89261744966443
1983 Q3,12.9,9.2,1.36190444451849,11.44,9.04,2.4,9.45,3.5,1.20603015075378,0.25233441354664,-10.4013566986998,64.8,5.71093662022297,1.27449701710658,0.354838709677407,0.990099009900991,4.20005187204631,-0.821917808219175,-3.05938812237553,0.964373827757536,-3.19121447028424
1983 Q4,11.9,8.3,1.07729569191315,11.82,9.33,2.49,9.47,5.5,0.595829195630571,0.215498884175735,2.64984227129337,64.4,2.56780247822235,1.52532651579278,-6.01092896174864,0.294117647058822,1.71764173869426,-1.1049723756906,-5.56930693069307,-3.25311475896879,-4.32403576671559
1984 Q1,12.5,7.8,1.30001084245908,12.53,10.09,2.44,9.91,6.6,1.28331688055281,0.189962177553005,6.02335586969884,64.6,3.91177498088018,2.78855287085003,5.20177838577291,1.56402737047898,2.93438038790084,-4.18994413407821,1.83486238532109,-3.92216406553887,1.52740968056913
1984 Q2,10.8,7.2,1.12384805574286,13.84,10.31,3.53,11.06,7.6,1.07212475633529,0.210810283469853,5.15942028985508,64.6,0.385719737583368,2.48987020669789,-2.58119046845031,0.096246390760335,1.45775716266341,-2.91545189504373,-3.41055341055341,3.68421566642871,-5.40633372260768
1984 Q3,7.7,7.3,0.915547370315095,12.47,10.63,1.84,11.3,7.4,1.2536162005786,0.259889779643951,-16.0418963616318,64.6,-3.92112492475911,2.39872304508559,-2.18907464878032,-0.576923076923075,0.231986191723998,9.30930930930931,-8.28780812791473,5.09111569036036,-8.76543209876544
1984 Q4,6.4,7.3,0.800260110756845,11.55,8.12,3.43,8.38,5.9,0.285714285714289,0.221220257696264,6.76296782665791,64.1,0.660408020989856,1.46707927570684,-13.2441745419808,0.096711798839455,0.341552726532957,1.37362637362637,-10.2135696643905,1.02144246971361,-5.58783730000796
1985 Q1,8.1,7.2,0.764772597209351,11.65,8.47,3.18,8.58,3.6,1.04463437796771,0.178607535216013,6.21156211562115,64.1,-4.17744916820703,0.108160917721345,11.0464430374769,-0.386473429951695,0.344302644870331,10.2981029810298,6.73139158576053,4.01530060815281,-5.12604333530057
1985 Q2,6.3,7.4,0.63712025773941,10.25,7.05,3.2,7.53,3.9,1.12781954887218,0.232112221213043,-0.636942675159236,64.1,0.528402875449285,0.505964819357052,-3.87775338196755,0.193986420950543,-0.0586638120489535,7.37100737100738,-4.03274711946635,-3.52065849748275,13.8185372789478
1985 Q3,8.8,7.1,0.601278486337842,10.31,7.27,3.04,7.92,2.2,0.650557620817849,0.26765337629211,11.6550116550117,63.9,1.96259412193345,0.315366783157423,4.2220830416682,-1.16166505324299,0.191877652282946,-4.11899313501144,3.15955766192733,-4.94795852756792,6.51155527795129
1985 Q4,5.3,7,0.575246060482426,9,7.28,1.72,8.27,2.4,0.923361034164349,0.230956545023964,-6.36743215031316,63.5,0.838058030396871,0.883075702542535,-3.75057442822299,1.46914789422135,0.969055706100885,16.7064439140811,0.153139356814691,-14.2644724186406,5.9008942970239
1986 Q1,5.9,7.2,0.329584520682702,7.39,6.53,0.86,7.48,4.1,-0.457456541628543,0.189098255954723,-0.780379041248602,63.6,-16.4465695561992,0.839807077654875,-53.6579991185544,-3.18532818532818,-0.883150030326507,14.3149284253579,5.65749235474007,-11.8815157299664,1.57126046930158
1986 Q2,3.4,7.2,0.223381244061693,7.35,6.13,1.22,6.92,3.4,0.643382352941169,0.226656278253912,0.561797752808979,63.8,-2.18898439267134,0.345435918920489,6.74433349183705,-0.398803589232299,-0.0785256977114401,5.72450805008946,0,-6.24078731326997,2.80087229112715
1986 Q3,5.6,7,0.785638646563469,7.45,5.34,2.11,5.89,4.4,0.639269406392695,0.256074494398373,-5.81005586592179,63.8,-0.849863270296991,-0.212469378656399,10.7209146929987,-0.5005005005005,0.629407266857362,-7.61421319796954,21.9102749638205,-7.64614702352068,-2.56546237984753
1986 Q4,4.4,6.6,0.575379750635419,7.23,5.83,1.4,6.91,3.4,0.272232304900188,0.220175725937199,12.870699881376,63.9,2.61517559869155,-0.143305180314457,7.79856501039362,0.301810865191143,1.77492208002363,3.84615384615385,-7.19373219373219,4.73136027981391,-2.07511226017145
1987 Q1,5.7,6.6,0.651682933866615,7.51,5.79,1.72,6.13,3,1.44796380090497,0.191971932379542,-10.4571728849186,63.8,6.73186198745339,1.32917495961444,13.8653894003483,1.50451354062187,1.12975115057645,21.1640211640212,7.18853926835508,-6.5528844700137,10.6301674425068
1987 Q2,7.3,6.2,0.727531532956394,8.38,5.91,2.47,6.73,0.8,1.24888492417485,0.222987537474295,-10.6807511737089,63.8,14.6429503117164,1.03346562766291,9.4455066921606,1.7786561264822,1.75148677284847,3.34788937409025,6.70644391408115,-4.54570067858303,2.29228160522514
1987 Q3,6.7,5.9,0.733071638861627,9.63,6.83,2.8,7.22,1.9,1.32158590308371,0.259161289790932,-0.525624178712225,64.2,6.88880117026958,0.133730354629558,-2.53568932814215,0.679611650485445,1.7903659501284,6.19718309859156,2.69514649966449,-0.870636010501591,0.970039292730851
1987 Q4,10.5,5.7,0.987851568969389,8.83,5.86,2.97,6.77,3.1,0.347826086956537,0.230135410031429,-11.1624834874505,64.1,3.84456638383102,2.20881225682021,-11.7023455904947,0.48216007714561,2.49493044521334,-23.0769230769231,5.95665904388545,-10.5025437745567,11.2002918642831
1988 Q1,5.3,5.7,0.798757488351454,8.57,5.87,2.7,6.58,3.7,0.953206239168103,0.191475840013111,13.3828996282528,63.7,4.44359839007942,0.725240081729828,-5.93933066527464,0.671785028790794,0.680629115085574,8.10344827586207,-5.85817060637205,-0.879510424838092,0.229658792650911
1988 Q2,9.5,5.4,0.801041257931456,8.82,6.77,2.05,7.51,5.8,1.28755364806867,0.225894369828361,-2.62295081967213,63.7,6.2249888839484,1.12170479401044,1.93007337978666,2.19256434699713,0.704328944801724,6.5390749601276,-4.617903930131,0.276602322798691,-3.06601200218222
1988 Q3,7.3,5.4,0.652260600421539,8.87,7.49,1.38,8.19,4.9,1.52542372881355,0.271523881852409,-3.2996632996633,64,-0.19496264787181,0.942399699293572,-12.4803387779794,0.839552238805963,0.185290152947726,0.149700598802416,-9.31669909579949,5.37565066625871,-5.22287257991896
1988 Q4,9.1,5.3,0.834803278843155,9.14,8.37,0.77,8.76,4.5,0.584307178631049,0.228439728152652,4.52646239554317,63.8,4.61645419440646,1.20264959197167,12.4351973456833,0.832562442183171,1.14787873024931,2.2421524663677,3.53401489334848,-7.97363859985586,8.42042755344419
1989 Q1,8.5,5,0.676345675316647,9.3,9.23,0.07,9.85,4.1,1.49377593360995,0.197448606484119,-19.1205862758161,63.9,-0.642877780988149,1.34475109652641,19.5438337636789,2.29357798165137,0.0717606266050108,7.45614035087718,-6.79019870778983,5.61680673356653,-6.15620549895937
1989 Q2,7.6,5.3,0.377249793255974,8.1,8.26,-0.16,9.53,2.8,1.47179067865904,0.244094296627284,8.89621087314663,63.8,-2.34605597964377,1.1442039975234,2.87991771663667,1.25560538116591,-0.548622103646368,8.57142857142859,-2.91655767721686,10.2875977400299,-9.36150344344578
1989 Q3,6,5.3,0.316587519786715,8.31,8.18,0.13,9.02,2.5,0.725221595487513,0.288802239228558,-0.605143721633883,64.1,-3.99670942429815,0.387252309811181,-2.05448637840538,-0.442869796279899,-0.351550015979551,10.1503759398496,-0.579280614306876,0.756419775122952,1.19124275595621
1989 Q4,3.7,5.4,0.430935046000247,7.93,7.8,0.13,8.45,2.4,0.879999999999992,0.252881722338283,8.21917808219179,63.8,0.14074731785243,0.781037712334376,7.62478309686638,0.533807829181487,0.870995364592053,0.568828213879424,8.67208672086721,-0.954711518577234,1.59083678014638
1990 Q1,9,5.2,0.742401411297733,8.65,8.07,0.58,8.28,2,2.06185567010309,0.232128704705725,-12.3769338959212,64,4.10303865691986,0.200616656123032,-3.17716236722307,1.06194690265486,0.800824474874973,-3.50678733031675,-7.18204488778055,6.69742840240803,1.75383651738177
1990 Q2,6.1,5.2,0.193353033453714,8.43,8,0.43,8.29,3,0.932400932400945,0.338757194576678,-11.0754414125201,63.7,5.01099048235385,0.993703849086169,-17.3719267313155,0.0875656742556963,0.382392243388541,5.50996483001174,-5.31972058033315,0.252758821772092,5.28162511542012
1990 Q3,3.7,5.9,-0.307675502475968,8.82,7.37,1.45,8.2,2.3,2.15550423402615,0.365614624584976,-11.913357400722,64,2.07478873139668,0.665682202463524,99.6739967992413,3.58705161854769,0.325675924593005,-15.2222222222222,15.2383654937571,-9.9255867275402,9.88715430041514
1990 Q4,-0.7,6.3,-0.321408352964814,8.08,6.63,1.45,7.31,0.6,0.828937452901291,0.340369224882831,-11.7827868852459,64.1,0.461485079805679,-0.160346116971222,-18.8500014842521,0.253378378378377,-2.55359526031983,8.65006553079946,-3.7182959862103,-3.28769399128144,2.26136000851336
1991 Q1,2,6.8,-0.542293388051229,8.05,5.92,2.13,6.12,0.1,0.896860986547066,0.297507924276497,5.80720092915215,63.9,4.75356612440854,-0.554850947167362,-27.3512089841607,-2.106149957877,-1.64726074028568,16.5259348612787,-9.46291560102301,2.61238787353701,-5.22920027056559
1991 Q2,6.2,6.9,-0.221047396245877,8.24,5.71,2.53,5.9,0.1,0.740740740740731,0.333852130832013,5.81778265642152,63.9,2.03136900620853,-0.667990736847157,1.68680765357503,0.172117039586928,2.12205605370337,-0.310559006211175,3.64406779661017,1.71836138432615,-9.42681453826727
1991 Q3,5.3,6.9,0.00184614248528447,7.47,5.26,2.21,5.45,0.5,0.882352941176467,0.367081113084655,1.03734439834025,64.2,1.73240610882393,0.290295128098483,8.22975984154493,-0.257731958762897,1.09683277319932,6.3343717549325,-4.46988280185336,-3.89845972199862,4.65539188943445
1991 Q4,3.8,7.3,-0.00738443361394392,6.71,3.96,2.75,4.43,2.2,0.51020408163267,0.318153216926231,8.93223819301847,64.2,1.15623461397965,0.615986496073262,-10.7059523264858,-0.172265288544349,-0.684982770180709,8.69140625,0.827389443651927,-4.66122360842742,5.83260932522445
1992 Q1,6.4,7.4,0.034155527656754,7.54,4.15,3.39,3.98,4,1.01522842639594,0.297543210408913,1.97926484448634,64,3.18129720054641,-0.295561013427093,-3.07936670594866,0.172562553925792,0.985183777987464,-1.34770889487871,-3.36728919071873,3.76696253890401,-5.65893169877407
1992 Q2,6.9,7.8,0.32298251280396,7.14,3.65,3.49,3.76,4.3,0.646087580760923,0.349426221819216,-2.31053604436229,63.9,3.70161844996439,0.324984841664588,18.2861069993656,1.6365202411714,1.10119214193765,-0.0910746812386121,0.556368960468512,-4.53641240167481,7.61689291101055
1992 Q3,6.1,7.6,0.224440049671149,6.37,2.75,3.62,3.22,4.4,0.784593437945813,0.374695219325227,5.39262062440871,64.3,-5.13926673299114,0.343495094469537,-2.11396648044693,0,0.640478552041768,3.09936189608022,1.63075131042516,-3.34196656298906,-0.463586868632415
1992 Q4,7.1,7.4,0.491928156462529,6.7,3.15,3.55,2.92,4,0.424628450106157,0.326731443827022,5.56552962298025,64.4,2.09691341028408,0.525378979552427,-11.3916537302529,-0.338983050847463,1.27005470158603,7.25022104332449,-4.61318051575932,1.17800886973303,-16.0032493907392
1993 Q1,2.9,7,0.455728572080916,6.03,2.95,3.08,3.07,2.3,1.19802677942211,0.285055657407196,-10.2040816326531,64.2,-0.320591488265687,1.28236125751746,4.84361312928325,0.935374149659873,0.737206761903053,4.20445177246496,1.20156203063984,-5.66224527555024,-5.75757575757575
1993 Q2,4.8,7,0.686401076422349,5.8,3.1,2.7,3.04,1.6,0.557103064066866,0.318570828014186,7.00757575757576,64.4,4.35376052189191,0.638616388910029,-6.27610950017202,0.67396798652064,0.168199886768372,0.791139240506333,12.4962897002078,-8.2086937498184,3.18122733803106
1993 Q3,4.4,6.7,0.63115694046898,5.4,2.98,2.42,3.09,1.2,0.484764542936289,0.348315513880726,10.7079646017699,64.7,3.68621442034029,0.479300057427734,-8.15941269008915,-0.669456066945606,0.682435655319158,4.08163265306123,-6.95250659630607,-1.71024040189254,1.10064978119613
1993 Q4,7.9,6.5,0.77704400258416,5.83,3.07,2.76,2.96,1.5,0.482425913163342,0.299216520123369,16.7865707434053,64.6,5.47546869776054,0.340279096080054,-17.151992691561,-0.0842459983150912,1.73893026605973,1.80995475113122,10.7755565007798,4.10912452592853,-2.19700944386149
1994 Q1,5.9,6.5,0.826254963762318,6.77,3.56,3.21,3.34,1.8,0.960219478737989,0.26547388042597,-8.145106091718,63.8,7.87726878019934,0.627598012868424,1.03376981392143,0.927487352445211,1.41769845880764,-3.77777777777778,-0.243184436196076,-4.38128337867223,0.0402333534500032
1994 Q2,7.6,6.1,0.879532328994537,7.34,4.26,3.08,4.25,2.5,0.543478260869579,0.305915250427624,1.11773472429211,63.8,3.29337399227152,1.62391593008846,30.0818553888131,0.668337510442774,1.72676843714286,-0.76982294072363,-1.10341288170388,-2.44630219206183,2.29908170788926
1994 Q3,4.7,5.9,0.883243754267404,7.62,4.8,2.82,4.73,3,0.945945945945947,0.32853008424043,4.05305821665438,64.1,5.10860964829454,1.10024960126462,-8.44257996853697,0.414937759336098,1.13248712793397,5.43056633048875,2.58173326414117,-3.65964278468766,2.61433625999214
1994 Q4,7,5.5,0.796550018655573,7.84,5.68,2.16,5.45,3.7,0.200803212851386,0.289598310108685,-1.13314447592068,64.2,3.04704983352437,1.55497321788918,-1.71821305841925,0.743801652892562,2.53397260925587,-0.735835172921262,-3.2502845579866,1.42557325134169,-0.472511333886727
1995 Q1,3.6,5.4,0.638746610424823,7.2,5.88,1.32,5.98,3.9,1.13560454241819,0.264604188370998,-12.1776504297994,64.2,3.20038313668887,1.54960530744186,8.10023310023311,1.64068908941755,0.164010702994632,9.04373610081541,1.05882352941178,-9.64520714217269,2.66247513953937
1995 Q2,3.2,5.6,0.324189312872636,6.21,5.6,0.61,6,3.2,0.726552179656537,0.297035294117642,6.4437194127243,64.7,5.04423624313788,1.10790053381498,-0.700808625336924,1.12994350282485,0.615872090409653,9.31339225016994,0.271633682576633,-6.50036014299666,-0.337457817772779
1995 Q3,5.5,5.6,0.50219122486912,6.17,5.4,0.77,5.8,3.5,0.459016393442613,0.334066528035315,8.88888888888888,65,1.53687982247195,0.705473149126745,-1.03148751357222,-0.0798084596967286,1.26387418393126,9.14179104477613,-0.993292053663575,18.7982584140225,-2.24479558565338
1995 Q4,4.7,5.6,0.377518557794265,5.58,5.1,0.48,5.6,2.7,0.195822454308092,0.277960673989175,1.47783251231528,65.1,1.39110837532257,0.312450875816617,4.44322545255074,0.39936102236422,0.510470801685159,4.84330484330484,0.768729641693811,1.29692527263776,-1.18665811417575
1996 Q1,5,5.5,0.568796484110878,6.34,5.13,1.21,5.31,2.8,1.43322475570031,0.252567646718682,-0.346740638002774,65.1,3.81290823984479,0.0571642437832143,12.1848739495798,0.556881463802705,0.781637634601684,5.65217391304349,2.5859839668994,4.01622001089843,-0.869847452125938
1996 Q2,8.6,5.3,0.652139201465629,6.73,5.18,1.55,5.27,3.4,0.642260757867685,0.298819606734058,-0.556715379262351,65.4,0.374506150968279,0.45277908750212,-4.26029962546817,1.26582278481011,2.51283276423484,4.37242798353907,-3.88202672044365,2.85067019067395,0.949512147207132
1996 Q3,5,5.2,0.535196920739089,6.72,5.14,1.58,5.3,3.3,0.701978302488837,0.336144430799146,-2.58922323303009,65.6,-0.812261350783028,0.70913457934223,17.3105134474328,0.156249999999991,1.1411553699195,2.85855101034993,-0.524521374246001,0.891152716593258,1.14815775817332
1996 Q4,6.5,5.4,0.608753425795205,6.43,5.21,1.22,5.29,3.2,0.506970849176169,0.299519659213199,1.36494252873562,65.4,2.34308630731435,0.68620620002382,5.83576490204252,0.702028081123252,1.47810655708487,6.89985625299472,-2.57052465067229,3.68412913554865,6.70813826717116
1997 Q1,5.1,5.2,0.69917370380459,6.92,5.35,1.57,5.39,3.3,0.882723833543508,0.261389234007892,1.77179305457122,65.4,2.21989567948551,-1.01953421557386,-17.3296573454116,-1.39426800929512,2.03188135629369,0.627521290900934,-5.42551752130971,7.7142681675016,-3.26341727267264
1997 Q2,7.7,5,0.675465202065739,6.51,5.25,1.26,5.56,3.2,0.187500000000007,0.299685238571512,-2.36768802228412,65.7,3.3835439055973,2.35510108299373,-8.67079561696045,-0.0785545954438249,1.0997860673273,16.8819599109131,-4.4206008583691,-6.91360860379006,2.19309145129225
1997 Q3,6.9,4.9,0.627778592017192,6.12,5.06,1.06,5.54,3.6,0.561447286338113,0.343150014481219,6.56205420827389,66,3.89163293611479,1.5847149296315,3.23422013562857,0.235849056603765,2.7199815149249,9.75609756097562,-1.58658883400689,5.77876322234541,-2.65061705878777
1997 Q4,4.8,4.7,0.780029938908444,5.75,5.36,0.39,5.5,4.6,0.0620347394540977,0.290826187509818,-2.54350736278447,65.7,0.331368281959343,1.6361087120226,-7.42799393633148,-0.549019607843138,2.05954885508925,1.70138888888889,-12.0304182509506,7.31582430308546,3.64703678261413
1998 Q1,4.7,4.7,0.493781563882489,5.67,5.16,0.51,5.49,5.8,0.557966522008657,0.246266835216158,10.2335164835165,65.9,-12.6608939457713,2.33269135035581,-18.0131004366812,-1.65615141955836,0.713534180850917,13.2468419255719,3.69986168741354,-0.502412241654282,0.132554076037827
1998 Q2,4.7,4.5,0.72864401904702,5.44,5.1,0.34,5.56,6.3,0.493218249075222,0.29108748977924,-3.36448598130841,66,-0.461709764112184,0.760902786691231,-9.05459387483355,0.0801924619085792,0.374568934736086,1.95960205004522,-1.38379459819939,8.71397550245077,-0.691979060111914
1998 Q3,6.9,4.6,0.536184523620675,4.44,4.37,0.07,5.51,6.1,0.3680981595092,0.319955358436963,1.67633784655061,66.8,-0.873040198503405,0.911396111048157,9.44363103953147,-0.801282051282048,1.4992254288829,-12.0342992312241,-0.557903634826706,-4.16873024752281,1.93286476005816
1998 Q4,7.8,4.4,0.665867205251192,4.65,4.48,0.17,4.68,5.4,0.183374083129584,0.288594555351285,10.4629042485732,66.4,-3.40199424532408,0.97409277279934,-24.5484949832776,-0.807754442649433,1.11835299570953,21.5126050420168,-2.2611356681401,-12.9458174233439,-0.683587945075181
1999 Q1,5.4,4.2,0.494529609078653,5.25,4.49,0.76,4.81,4.1,0.671140939597303,0.239863429110643,-4.42020665901263,66.7,6.6433972765843,1.7609996864238,29.9645390070922,-0.162866449511401,1.164123268266,3.78976486860305,-2.66133240563575,2.05183354702152,-2.96265262149868
1999 Q2,4.6,4.3,0.672245314949271,5.81,4.78,1.03,4.76,3,0.72727272727271,0.296057831879382,2.22222222222221,66.6,2.82982075125413,0.523990198939805,22.0327421555252,2.12071778140295,0.792976274812984,7.78251599147119,-6.64760543245176,1.04751701221197,-1.62215506075372
1999 Q3,6.8,4.2,0.529092331647152,5.9,4.88,1.02,5.22,2.6,1.02286401925391,0.324200782380668,-8.87191539365453,67,-0.200790519712801,0.997616523635569,33.4823923979877,2.23642172523961,0.630048004701789,-6.60237388724034,16.2901990811639,-11.47182220676,1.86206896551724
1999 Q4,9.3,4,0.77058225194957,6.45,5.33,1.12,5.3,3.4,0.238237045860634,0.283160687441297,8.51063829787233,66.9,3.62690343036622,1.8937628902163,9.21273031825796,-0.156250000000002,2.59910214221892,18.2684670373312,-4.2469135802469,-4.01486967977605,-0.707822982704498
2000 Q1,4.2,4,0.630104303673562,6.03,5.88,0.15,5.85,4.4,1.72311348781935,0.243905912849041,-1.90136660724896,67.1,-5.14936280140869,0.289673072935948,14.6088957055215,2.3474178403756,0.678318551645996,3.80568614282515,-5.14010658414992,3.62930779856176,-2.06422018348623
2000 Q2,10.2,4,0.353354205294987,6.03,5.88,0.15,6.53,5.3,0.700934579439272,0.254323680163115,-4.78497880072684,67.2,-1.47208497040479,1.44876147086088,6.49046503847439,2.29357798165137,0.988733939534581,-4.48565883114082,4.8024646611091,-0.171107561656103,-4.47496677004874
2000 Q3,2.8,3.9,0.221109941617881,5.8,6.23,-0.43,6.52,5.8,0.754060324825967,0.27847948782449,-0.127226463104324,67.7,-1.25304894469964,0.877479215730781,6.44046497015396,0.672645739910305,-0.0588079840978084,0.180627681192136,-5.20491094587583,0.67090378843917,-5.00927643784788
2000 Q4,4.7,3.9,0.26897765823215,5.12,5.89,-0.77,6.4,4.6,0.17271157167531,0.252620719138763,-1.71974522292994,67.5,-4.18632557885836,1.06232887702415,-15.9976387249115,1.11358574610245,-0.545260715517504,-10.2997520847419,-0.529004013133905,5.02772902772903,2.04380580357144
2001 Q1,1.3,4.3,0.0286340790752737,4.93,4.3,0.63,5.31,3.6,1.26436781609194,0.222732847456197,7.51782242384964,67.5,7.52712220035459,-0.980190610892284,-4.28671820098384,-0.220264317180607,-1.5103412980402,-12.3366834170854,-4.98807995598751,8.28454045575666,-1.25777565110399
2001 Q2,4.9,4.5,-0.337484086269368,5.42,3.65,1.77,3.97,2.3,1.02156640181612,0.244742949574506,-1.98915009041591,67.7,4.32147786790704,-0.143348019478462,1.32158590308371,-0.294334069168511,-1.49306285417963,7.48065348237317,4.18838062150162,0.696267643306858,-2.94219453097958
2001 Q3,-0.1,5,-0.399095987120079,4.6,2.4,2.2,3.07,3.4,0.168539325842709,0.268700276417522,-3.75153751537516,68.1,-8.34944945398524,-0.676506883097694,-6.23188405797103,-1.62361623616235,-1.07440576771431,-15.92,7.76213412374955,-3.05620714174792,4.40798858773181
2001 Q4,2.4,5.7,-0.598766041086429,5.07,1.74,3.33,1.82,1.8,-0.897363993269784,0.241741941352225,7.34824281150159,68,-3.1952363153825,-1.76716247950215,-25.3091190108192,-3.90097524381097,-0.899605710788154,12.3691722169363,-4.93381468110711,7.57328324271551,-1.53709523158901
2002 Q1,4.9,5.7,-0.202317875738656,5.42,1.79,3.63,1.73,3.1,1.18845500848899,0.208701964520674,0.654761904761902,67.8,9.93131795171418,0.0763851779971292,26.3321262286601,1.32708821233414,1.4260728140161,0.959638724245004,9.58408679927667,2.7168098938434,-1.26968708804551
2002 Q2,3.9,5.8,-0.0252453774183925,4.86,1.7,3.16,1.75,4,0.615212527964193,0.235780880504022,3.96215257244235,67.6,10.7917252042311,0.739027602156805,4.5045045045045,0.847457627118642,1.79698904115557,-12.6083310036343,5.2970297029703,-5.92891859515798,4.26563598032326
2002 Q3,3.7,5.7,-0.140032444675708,3.63,1.57,2.06,1.75,1.6,0.611450806003333,0.259200578163221,2.55972696245734,68,9.39217159687884,0.605159956035672,16.2617554858934,1.06951871657754,-0.0879637358262797,-16.7946257197697,1.04999216423758,-1.79454215856046,4.89317247421985
2002 Q4,2.9,6,-0.0222220519383032,3.83,1.22,2.61,1.24,3.5,-0.0552486187845314,0.228726685473091,5.15806988352745,68.3,11.1890374327451,0.734170914368271,-0.84260195483653,0.453514739229011,-0.273227555389899,7.80469050365242,6.3120347394541,0.673037215679151,1.92764891087838
2003 Q1,4.1,5.9,-0.183947513642779,3.83,1.14,2.69,1.25,1.4,1.82421227197345,0.205730013069916,-7.33122362869199,68,-0.497134409699418,0.609072100377861,14.0380693405846,6.24529721595184,0.671783895014832,-3.06704707560628,-2.15900802334063,-2.63001372516365,-0.239551156779927
2003 Q2,4.7,6.3,-0.0291786964801255,3.54,0.9,2.64,1.22,2,-0.271444082519001,0.232912021365794,6.71599317017644,68,0.255837771689049,-0.30763578423525,-8.43517138599106,-2.26628895184136,-0.520825554377291,16.4827078734364,2.92231996421648,-0.301717709843785,4.95418641390206
2003 Q3,9.3,6.1,0.0460850730448437,3.96,0.95,3.01,1.01,3.8,0.816548720740329,0.254058743338703,4.58666666666667,68.4,5.60466797622883,-0.0585435141464141,-7.91015625,0.362318840579712,0.887422303630325,3.72710044219837,11.4008402143996,-2.98236273440999,-2.73345776386297
2003 Q4,7.2,5.7,0.25642206765244,4.27,0.95,3.32,0.98,3.4,-0.485961123110135,0.221823900666851,1.32585415604283,68.6,6.89621318923843,0.545061698756433,13.6443973135383,0.72202166064983,0.840923900160617,12.4238733252132,8.51755526657998,-6.15182926829267,8.42463633549986
2004 Q1,5.2,5.8,0.424234998621609,3.86,0.95,2.91,1,3.7,1.68204015192621,0.193923280387032,3.97584297936588,68.6,13.6639383608613,0.784698756286861,14.3390357698289,2.58064516129033,0.361140216431122,2.60021668472372,1.37807070101856,0.72212419607991,4.25325416761817
2004 Q2,6.5,5.6,0.496408473258003,4.62,1.33,3.29,1.03,3.6,1.22732123799358,0.228769568518028,-2.22652468538238,69.2,4.25293065016747,1.03211711942222,3.42763873775844,2.86512928022362,0.412882002503978,1.29355860612459,-6.91489361702128,0.845868385864912,0.0985707244948175
2004 Q3,6.6,5.4,0.227629692017017,4.14,1.71,2.43,1.61,2.5,0.10542962572484,0.257247452260811,1.03960396039604,69,4.39255417321582,0.860117558779394,20.8574434508153,0.339673913043481,0.929688635895309,-1.79827990617669,4.72380952380953,0.601095093280302,-1.87099950763171
2004 Q4,7.3,5.4,0.401989507392519,4.24,2.22,2.02,2.16,3.6,0.210637177461814,0.239572308980218,2.00881920627143,69.2,0.0402894903825057,1.12005604620091,-5.70184983677912,1.69262017603249,1.90805953319853,10.3503184713376,6.22044379774462,-5.70525944805861,7.52076712939733
2005 Q1,7.9,5.2,0.401134033055861,4.5,2.79,1.71,2.63,1.9,1.57645822385706,0.199619094177428,-0.960614793467818,69.1,21.5711322823364,1.70770333429184,25.3404108008308,2.33022636484688,0.990829009537086,-2.40500240500241,-2.3972602739726,1.39090110432096,-1.25998133360987
2005 Q2,4.7,5,0.590285079155284,3.94,3.13,0.81,3.04,1.7,0.620796689084324,0.22869804742689,5.62560620756547,68.6,1.94661698381806,0.207550422756642,3.59049898729515,0.390370852309707,0.683945900604277,2.46426811237062,2.17543859649123,3.31862926265245,-4.54760279367746
2005 Q3,7.4,5,0.465873288438279,4.34,3.55,0.79,3.62,1.3,2.2107969151671,0.264346368110768,3.90266299357209,68.8,3.54640166258287,0.337540914278089,16.5481692143619,5.1198963058976,-1.90768042902306,3.89610389610391,8.37912087912087,2.29127527763908,-0.621664741156414
2005 Q4,5.9,4.9,0.433244653181331,4.39,4.08,0.31,4.16,1.3,-1.00603621730382,0.237689055514734,-6.31904551480336,69,5.12912050630412,1.27349621806216,-9.36403843220984,0.493218249075222,2.92196305181902,2.31481481481481,8.36501901140685,6.49358588264908,-3.35473870682019
2006 Q1,8.4,4.7,0.664451827242529,4.86,4.63,0.23,4.59,4.5,1.52439024390243,0.214926457480558,-0.094339622641515,68.5,1.77344367116041,0.848227738017915,5.83880195187616,-0.490797546012278,0.32830181576462,5.54298642533935,13.8401559454191,-0.999979740407086,-0.091648527895527
2006 Q2,4.4,4.6,0.204341146809561,5.15,5.01,0.14,4.99,3.8,1.55155155155156,0.235945628461143,-11.8508026440038,68.7,2.68299379733343,0.987204556274524,12.8139904610493,2.40443896424167,0.685459703322944,-1.90782422293676,2.80821917808218,-2.26197967560783,5.69315445476435
2006 Q3,3.5,4.5,0.379974326059052,4.64,4.89,-0.25,5.25,3.8,0,0.267534563523553,-11.3551151580075,69,1.38076820232738,0.922157234086329,-9.99154453213077,-0.421432871763994,0.152889153892399,4.30506993006994,0.224850099933382,2.25910577971646,2.19148359099539
2006 Q4,5,4.4,0.296690367793739,4.71,5.02,-0.31,5.24,3.8,-0.54213898472153,0.242442862295134,-1.02719033232629,68.9,-3.22817131903528,0.375422335728248,-2.88085173007672,0.120918984280527,0.885187984943969,7.31196312591662,5.64187785625261,0.0917122028418094,4.19342852593025
2007 Q1,5,4.4,0.396359900618592,4.65,5.04,-0.39,5.26,2.7,1.76015857284439,0.214872508978003,-2.56410256410257,68.4,-5.16939325460102,0.180295358456095,-2.36982105432855,2.23429951690823,0.701645747030932,1.48379539242482,4.37313198049394,-0.0528460135354014,-0.789647969840546
2007 Q2,5,4.6,0.200300450676005,5.03,4.82,0.21,5.25,2.7,1.46090615138883,0.23435708040942,-11.8421052631579,68.2,5.6471676279648,0.623941052949939,11.4266842800528,2.65800354400472,0.780321554937213,5.98307041169681,-2.26073850791259,4.62954119051679,2.01807538256136
2007 Q3,4.3,4.7,0.0188311641280858,4.59,3.82,0.77,4.94,2.5,0.0662340654277394,0.267305192220957,-10.3766879886283,68.2,-3.92595781932011,0.746272479964216,18.4499110847659,-0.172612197928657,0.57325005236144,1.43401706298785,13.7625289128759,-6.23130429396048,1.59561081189914
2007 Q4,4.1,5,0.215069336326446,4.04,3.36,0.68,4.24,1.3,0.741522375173864,0.240793294832864,-8.88183980967486,67.8,1.65475549900558,0.663166917254143,14.7629175528587,2.93948126801153,0.175540194996038,-3.07802433786687,13.3852931209759,-2.25523388978951,-0.113951644867238
2008 Q1,-0.8,5.1,-0.0845424591016775,3.45,1.38,2.07,2.61,0.7,1.6625721304919,0.212827738218579,-15.8398607484769,67.8,-7.84226422212327,-0.145938039198956,15.0768559904066,5.20716685330347,-0.839236912375152,-9.61964549483012,12.0442319187089,-10.3983139023024,-0.724170428054149
2008 Q2,4.3,5.6,-0.425239558850121,3.99,1.9,2.09,2,2.3,2.47602188003446,0.226863391360754,22.0268872802482,68.1,1.95015374656091,-0.374428463983256,26.8757104964002,6.70569451836083,-1.54803296139443,-1.47088866189991,-0.480128034142435,6.1127751939831,-1.75368473644767
2008 Q3,0.8,6.1,-0.67835017104011,3.85,0.92,2.93,1.81,0,-0.014624225944293,0.250331804622927,-32.4576271186441,67.9,-4.61350029336284,-0.445236377013813,-22.4221608302845,-1.79551122194513,-6.29873255254291,-8.70827285921625,-3.83275261324042,-0.318383167220382,-8.59947111472742
2008 Q4,-7.2,7.3,-1.39960366500187,2.25,0.11,2.14,0.16,0.8,-3.91026725111182,0.219230693607897,-30.4893350062735,67.5,-41.1611097967874,-1.31765231299017,-60.5197305101059,-13.2046724225495,-3.23192890482803,-22.9161935044288,-3.56744704570792,-14.3559265417341,-17.3538084905135
2009 Q1,-4.5,8.7,-1.72576183448409,2.71,0.21,2.5,0.18,0.1,1.18014726867972,0.199786153609716,-7.40072202166066,67.3,50.0813168194794,-2.17961758052169,16.9673330082886,-1.63838502047982,-4.54263228388422,-10.1060695344726,6.1849710982659,7.20898384004383,-4.60482025043759
2009 Q2,-1.2,9.5,-1.13499154793528,3.53,0.19,3.34,0.21,-0.6,1.40285554442925,0.212767346086329,17.1539961013645,67.4,7.29140684326346,-2.80432543890241,45.2271779908295,3.56930398572279,-2.18140559000629,16.7813831530646,2.44964616222101,-1.26769199325533,15.5187014820042
2009 Q3,1.9,9.8,-0.583170493404983,3.31,0.14,3.17,0.15,0.4,0.127959646349196,0.239669152365751,1.33111480865225,67.6,15.9604027232815,-2.85503382137433,-0.315729047072344,0,3.00709050442036,16.3345495369071,6.40276301806588,-5.52681015789556,-0.281018999327998
2009 Q4,5.9,9.9,-0.350112097294308,3.85,0.06,3.79,0.12,-0.5,-0.00926058832516619,0.217330569867391,9.0311986863711,67.2,8.60816658696897,-0.259420792713339,6.96803915922835,2.29753015508329,1.0263945966557,5.95898673100119,10.2621722846442,-1.45045510918675,-0.594253507320963
2010 Q1,2.6,9.9,0.0701143403088134,3.84,0.16,3.68,0.16,0.5,0.778887607722178,0.194492617384401,3.46385542168675,67.1,4.6266221002853,0.230607234546065,9.34051144010768,2.9197080291971,2.19184401389643,6.26138433515482,0.498188405797095,0.850686318869509,-7.19832367804758
2010 Q2,5.7,9.4,0.486606764757957,2.97,0.18,2.79,0.18,1,0.15347078311454,0.177291771138322,-14.5560407569141,66.9,-0.882798818578634,0.462952308386066,-7.25012309207287,0.109110747408603,1.98748802636737,-11.0349260767088,11.8071203244705,0.0989901461813325,-1.92588657192191
2010 Q3,4.2,9.5,-0.117997716667562,2.53,0.16,2.37,0.19,2.9,0.217466106943776,0.205720781674379,-4.0885860306644,66.9,5.47489863862611,2.01397006379522,-0.0530856005308444,0.762942779291564,0.978402091493291,11.6811175337187,5.68319226118501,-7.1017411864207,5.57286023835319
2010 Q4,4.3,9.3,0.356712719685182,3.3,0.12,3.18,0.18,3.5,0.338767344659163,0.186283356967909,12.2557726465364,66.5,-0.0668793471575557,0.980459392716004,18.2313105829239,2.59599783666846,0.730047177280246,11.6454604270002,7.57055682684973,-1.20855268851111,0.0256558270797402
2011 Q1,1.2,9,0.356209200287405,3.47,0.09,3.38,0.14,4,1.95639180760931,0.152802887492043,-7.75316455696202,66.4,-8.43894207374661,0.529614412820378,15.6109613656783,5.00790722192936,0.420987321452548,6.00734015839288,1.47137032441056,-2.02861613485388,3.61654376402691
2011 Q2,5.6,9.1,0.49585643775516,3.18,0.03,3.15,0.09,2.1,1.00909754012897,0.173126523690059,9.09090909090908,65.9,4.43492802113803,1.09729150624394,-6.46007382941518,2.35943775100402,0.156638258920649,-0.109329446064144,5.38085255066387,-1.49558465099759,0.371310105823386
2011 Q3,2.5,9,0.317570998719097,1.92,0.02,1.9,0.08,1.8,0.517007646574097,0.204250461727895,-4.08805031446541,66.3,0.672608048664824,-0.18474078927605,-11.0914944438675,-0.0980872976949598,1.07022275951867,-15.1404596862459,8.0238726790451,-4.51372008270968,-2.76219249028916
2011 Q4,5.4,8.5,0.406473352574088,1.89,0.02,1.87,0.07,1.6,-0.536385633503611,0.177594885267296,14.2622950819672,66,5.04597468143886,1.27537629732672,15.1384184090644,-1.91458026509572,1.16559855974536,11.9518486672399,-3.34561080417434,1.30345839675921,-1.16669837042673
2012 Q1,5.8,8.2,0.644112689621967,2.23,0.07,2.16,0.13,2.4,1.64841008188876,0.15396212914931,15.6384505021521,65.4,16.2690943862798,1.20169343888954,7.73054681951912,2.2022022022022,0.372010252298871,12.7688172043011,5.47792950142902,6.0017969913891,1.52049785077308
2012 Q2,3.3,8.2,0.190651354746096,1.67,0.09,1.58,0.16,3.6,0.037490409430152,0.167758478819691,-1.48883374689827,65.5,-4.1686238732209,1.12944612110202,-22.3938223938224,-2.15475024485797,0.925519716081169,-3.18406265962881,-5.4945054945055,-3.82060948828546,-1.69362992922143
2012 Q3,2.6,7.8,0.381323363704889,1.65,0.1,1.55,0.14,2.4,0.84060345654049,0.200909345627753,17.1284634760705,65.5,0.921650032779286,1.46761764204899,14.9375075840311,2.30230230230231,-0.167777857719587,6.06753429475906,13.4756291812679,-1.48760893246188,3.66418102339934
2012 Q4,2.5,7.9,0.411840794540508,1.78,0.05,1.73,0.16,4.9,-0.780443115376805,0.176356755417006,1.18279569892472,65.4,-1.78207812123566,0.497471239503877,-6.83065878378378,-1.4187866927593,1.05029883419132,0.265295970817436,-6.56934306569343,7.23770178139713,0.117822150564306
2013 Q1,5.3,7.5,0.450130300876572,1.87,0.07,1.8,0.14,-1.2,1.38152708394128,0.134493018416659,-0.531349628055255,65,-1.08364083158653,1.23878298820241,5.43909348441927,1.24069478908189,0.849097907764129,11.2287084504713,-3.69591346153846,13.1035141215293,-6.59646949519975
2013 Q2,1.7,7.5,0.437794811320757,2.52,0.04,2.48,0.09,-1.3,0.314039858574655,0.164722727301525,0.641025641025639,65,-0.502123934989407,0.742646207953124,2.95540032240731,0.147058823529411,0.140946888069493,2.89919714540587,-24.9141965678627,2.60103408251557,2.73872679045093
2013 Q3,5.2,7.2,0.396994290913888,2.64,0.02,2.62,0.08,-0.2,0.276226531451296,0.2036672759818,6.58174097664543,65.3,2.00173207664838,1.5699178135796,10.9498956158664,-0.195790504160553,0.747487369415301,6.32856523623755,11.0118429254104,2.03116161875867,2.53017491770477
2013 Q4,5.7,6.7,0.407850016445566,3.04,0.07,2.97,0.09,-2.5,-0.469786332634348,0.184001060452088,0.298804780876494,65.2,2.56704341777088,1.65392646558307,-8.14752093329572,-0.931829328102018,0.421935998909628,10.1236581057209,-10.0505334081976,4.28384235460135,3.13503305004721
2014 Q1,0.5,6.7,0.433127324874616,2.73,0.05,2.68,0.08,3,1.39198194371142,0.155940383518827,5.4617676266137,64.8,-3.86006056703274,0.8128164168689,3.24695278090752,2.47524752475248,1.39456560517457,1.93731490621913,7.69870994590096,-1.08302725691087,1.47103705060123
2014 Q2,7.9,6.1,0.629856198538792,2.53,0.04,2.49,0.1,3.6,0.86756696135728,0.174570023024367,-5.55555555555556,64.7,5.51358525320595,0.982141301415096,4.95039682539684,0.628019323671514,0.783257114282687,4.84202881007143,1.46831530139104,-0.270276872566311,1.70837343599615
2014 Q3,6.8,5.9,0.52507616845654,2.52,0.02,2.5,0.09,4.4,-0.130903781524938,0.210374938378988,7.27816550348954,64.4,2.80245754546775,0.944563310055191,-11.8914831269496,-0.912145943350939,0.384885032554427,-0.0230920217064945,-7.84463061690784,5.25440684127141,-3.65507452093684
2014 Q4,2.9,5.6,0.58108708424689,2.17,0.04,2.13,0.12,5.3,-1.35234486264394,0.185806629505336,-0.18587360594795,64,-2.02745201530004,0.860566386734818,-36.3909451775561,-4.55426356589148,0.656530622659801,4.88509065711975,-0.888429752066111,11.0751896427019,-3.96562308164518
2015 Q1,3,5.4,0.379691829858175,1.94,0.03,1.91,0.11,5.1,0.556615505170099,0.147931769989551,-0.27932960893855,63.7,-5.35573976794349,1.43749778528484,-19.3455894754596,-2.79187817258884,-1.27886506710732,1.77273728253691,-1.66770898478216,0.897729110743661,-4.38506775760675
2015 Q2,5.3,5.3,0.559931871407282,2.35,0.01,2.34,0.13,4.4,1.06683494339719,0.173008759739557,27.6377217553688,63.4,1.18246245570617,1.47595628581294,25.0941028858218,1.72323759791124,-1.35905746654189,0,-0.360398558405761,2.76100652438442,4.1315683914962
2015 Q3,2.8,5,0.410729786378172,2.06,0,2.06,0.14,4,-0.290398008699377,0.205443792885229,-16.3862472567666,63.7,-3.12820504268387,1.12934536784299,-23.9719157472417,-2.92607802874744,0.0572710075647853,-7.42183273828845,-4.46808510638298,-2.88638895040843,-1.52799178222908
2015 Q4,0.1,5,0.57351297783963,2.27,0.16,2.11,0.24,3,-0.596776566013146,0.184178105205524,6.12423447069117,63.8,-5.7801083293308,0.635575138025324,-18.2277924362357,-2.9613960867266,-1.61442634577285,5.88991468972773,-5.3674832962138,1.23797728793584,-2.32755248402661
2016 Q1,1.6,5,0.394837068561893,1.78,0.21,1.57,0.36,2.5,0.679420780044393,0.153096080988768,-8.24402308326463,63.5,2.78642956242745,0.485080882763866,0.968002151115899,-0.762942779291553,-0.671783148908833,0.816686899900665,16.1308543186632,-7.15525958811197,-4.8861891729524
2016 Q2,4.7,4.9,0.345254834263753,1.49,0.26,1.23,0.38,1.6,1.21193287756369,0.169915631307882,7.45732255166218,62.9,4.24833483737668,0.157384202353339,29.8535286284954,3.02031850631521,0.45279074697655,2.84619594964424,6.76070038910506,-6.71272990666041,-0.364937890378281
2016 Q3,3.7,5,0.525811956325706,1.6,0.29,1.31,0.4,1.3,0.170111775883952,0.191604681468815,7.27424749163879,63.5,-1.80717995238071,0.125865385411594,-7.34208367514356,-0.373134328358204,0.169816450993232,4.53432676955827,0.82763857251329,-3.38544805976977,-7.44523490878354
2016 Q4,4,4.7,0.362968892323834,2.45,0.51,1.94,0.54,1.6,0.00165680865515938,0.165595650024719,-2.02650038971162,63.7,3.30845068465873,0.619973720197464,15.028773793714,0.695559122525413,0.862733799977855,4.28673251196416,-12.7118005873936,13.964629122566,-5
2017 Q1,4.2,4.4,0.345154769598888,2.4,0.76,1.64,0.79,2.2,0.981228668941969,0.128309522047032,2.30708035003977,63.6,4.50224459470665,0.212781902176418,-5.07985376178565,1.75345377258236,0.40309691911149,5.71177504393672,7.1262186178932,-2.65659523733578,-1.08948169510534
2017 Q2,3.5,4.3,0.38919037439018,2.31,1.03,1.28,1.04,2.9,0.473336860800422,0.149399935927441,2.41057542768273,63.7,-0.553540455260759,0.450857715191089,-8.41273058990472,1.09660574412533,1.20172629012125,2.96481019673041,0.124828863654658,-1.77334579091629,3.74989876083258
2017 Q3,5.4,4.2,0.284618324778863,2.33,1.06,1.27,1.15,3.1,0.760956093976439,0.164863725981723,-4.25208807896735,63.9,0.786031192158987,0.858764464633843,10.2700309871625,0.619834710743805,-0.511259273566256,4.50304987441694,3.51498089684295,-0.124510770046382,4.13739266198283
2017 Q4,6.4,4.1,0.423333719007135,2.4,1.39,1.01,1.3,3.4,-0.119520782435711,0.137262669160121,4.28231562252182,64.2,-10.9299003926519,0.384391751958746,16.178241670012,0.770020533880911,2.38903913687816,6.36909871244635,0.742064571273171,1.95394309236658,0.47976011994002
2018 Q1,5,4,0.476445432426753,2.74,1.73,1.01,1.51,3.9,1.22908925702974,0.103342532965356,6.92015209125476,64.2,10.2856837413057,0.535528006705843,8.37940566689701,1.52827305145187,0.671979424795377,-0.702065848934796,2.11338218279986,-6.103833434419,4.26738287078483
2018 Q2,7.1,4,0.427644448041864,2.85,1.93,0.92,1.82,3.9,0.97574072144706,0.125598507522118,-7.11237553342816,64.3,0.950779891106057,-0.100363232800238,8.19384664434881,2.45860511791269,0.85667480016669,4.11214953271029,-5.54044867437119,3.78795022574938,-4.87979393245564
2018 Q3,4.8,3.7,0.308957068400417,3.05,2.19,0.86,1.95,4.1,0.178579223696262,0.147163657613492,-1.37825421133231,64.4,0.163453254796653,1.03586146634076,3.47723589214675,-0.293829578844262,1.39057988900877,7.05643587541955,-5.36164087801367,1.84765563246043,-1.71505942530464
2018 Q4,2.9,3.9,0.346171358170189,2.69,2.45,0.24,2.27,3.9,-0.47773917659315,0.120368559976547,3.95962732919255,64.8,-1.54639425109504,1.06245319306291,-29.4888224405525,-1.27701375245579,0.799362479473431,-14.4221655122129,8.2931981411069,0.090992297769632,-3.07668758610133
2019 Q1,3.9,3.8,0.278250425382853,2.41,2.4,0.01,2.41,3.3,1.18177150294747,0.0924564112265935,-3.80881254667662,64.2,-1.53222709563919,1.24537834328553,17.4273021001615,-0.0995024875621864,-0.787415107515399,14.2285081366618,0.741232005617753,-0.940379360317434,3.97188881869868
2019 Q2,4.7,3.7,0.317403281830164,2,2.12,-0.12,2.38,3,0.763565982958414,0.115539974087331,-4.34782608695652,64.1,3.31618934606188,0.659644108342827,-6.00171969045572,-0.249003984063745,-0.368067059867194,3.93078242709033,9.45281338341788,-2.76739337959752,-3.73661426293005
2019 Q3,3.8,3.5,0.4039559827274,1.68,1.88,-0.2,2.04,2.7,0.240490663418491,0.150119974178153,12.9058441558441,64.8,-1.24226975691777,0.590551717188781,4.18953530918407,-0.948577134298556,0.178536458590695,0.75355246160469,5.26464760826493,-0.489041672642809,-2.41420118343195
